tuberculosis-phonecamera/_tuberculosis-phone-0838.jpg,461,641,527,707,0
tuberculosis-phonecamera/_tuberculosis-phone-0838.jpg,544,331,589,412,0
tuberculosis-phonecamera/_tuberculosis-phone-0838.jpg,1088,676,1159,763,0
tuberculosis-phonecamera/_tuberculosis-phone-0838.jpg,956,709,1004,761,0
tuberculosis-phonecamera/_tuberculosis-phone-0781.jpg,1545,472,1617,556,0
tuberculosis-phonecamera/_tuberculosis-phone-0781.jpg,1088,416,1181,463,0
tuberculosis-phonecamera/_tuberculosis-phone-0781.jpg,930,3,1029,65,0
tuberculosis-phonecamera/_tuberculosis-phone-0781.jpg,302,11,352,110,0
tuberculosis-phonecamera/_tuberculosis-phone-0781.jpg,197,36,234,79,0
tuberculosis-phonecamera/_tuberculosis-phone-0781.jpg,228,57,277,102,0
tuberculosis-phonecamera/_tuberculosis-phone-0781.jpg,207,117,275,164,0
tuberculosis-phonecamera/_tuberculosis-phone-0781.jpg,21,150,71,214,0
tuberculosis-phonecamera/_tuberculosis-phone-0781.jpg,552,412,591,488,0
tuberculosis-phonecamera/_tuberculosis-phone-0781.jpg,725,540,781,635,0
tuberculosis-phonecamera/_tuberculosis-phone-0781.jpg,137,536,248,604,0
tuberculosis-phonecamera/_tuberculosis-phone-0781.jpg,729,738,760,771,0
tuberculosis-phonecamera/_tuberculosis-phone-0781.jpg,729,781,766,847,0
tuberculosis-phonecamera/_tuberculosis-phone-0781.jpg,603,905,655,990,0
tuberculosis-phonecamera/_tuberculosis-phone-0781.jpg,535,1122,595,1188,0
tuberculosis-phonecamera/_tuberculosis-phone-0781.jpg,785,1182,855,1224,0
tuberculosis-phonecamera/_tuberculosis-phone-0781.jpg,886,1157,930,1224,0
tuberculosis-phonecamera/_tuberculosis-phone-0781.jpg,1516,917,1567,1021,0
tuberculosis-phonecamera/_tuberculosis-phone-0781.jpg,1247,899,1301,979,0
tuberculosis-phonecamera/_tuberculosis-phone-0781.jpg,1175,1173,1247,1224,0
tuberculosis-phonecamera/_tuberculosis-phone-0781.jpg,1557,1064,1619,1178,0
tuberculosis-phonecamera/_tuberculosis-phone-0781.jpg,1124,651,1155,692,0
tuberculosis-phonecamera/_tuberculosis-phone-0781.jpg,1111,701,1144,748,0
tuberculosis-phonecamera/_tuberculosis-phone-0781.jpg,87,34,143,106,0
tuberculosis-phonecamera/_tuberculosis-phone-0781.jpg,826,666,866,752,0
tuberculosis-phonecamera/_tuberculosis-phone-0610.jpg,469,544,531,641,0
tuberculosis-phonecamera/_tuberculosis-phone-1084.jpg,271,164,333,203,0
tuberculosis-phonecamera/_tuberculosis-phone-1084.jpg,944,468,1043,505,0
tuberculosis-phonecamera/_tuberculosis-phone-1084.jpg,870,909,930,948,0
tuberculosis-phonecamera/_tuberculosis-phone-1084.jpg,529,608,634,643,0
tuberculosis-phonecamera/_tuberculosis-phone-1084.jpg,395,571,471,633,0
tuberculosis-phonecamera/_tuberculosis-phone-1084.jpg,455,558,500,620,0
tuberculosis-phonecamera/_tuberculosis-phone-1084.jpg,672,437,727,501,0
tuberculosis-phonecamera/_tuberculosis-phone-1084.jpg,1386,484,1462,546,0
tuberculosis-phonecamera/_tuberculosis-phone-1084.jpg,358,686,391,761,0
tuberculosis-phonecamera/_tuberculosis-phone-1084.jpg,420,676,480,736,0
tuberculosis-phonecamera/_tuberculosis-phone-1084.jpg,308,195,372,238,0
tuberculosis-phonecamera/_tuberculosis-phone-1076.jpg,556,639,641,670,0
tuberculosis-phonecamera/_tuberculosis-phone-1076.jpg,610,478,711,521,0
tuberculosis-phonecamera/_tuberculosis-phone-1076.jpg,777,849,820,926,0
tuberculosis-phonecamera/_tuberculosis-phone-1076.jpg,531,773,570,849,0
tuberculosis-phonecamera/_tuberculosis-phone-0887.jpg,1046,1116,1149,1159,0
tuberculosis-phonecamera/_tuberculosis-phone-0887.jpg,285,343,352,416,0
tuberculosis-phonecamera/_tuberculosis-phone-0887.jpg,382,65,477,139,0
tuberculosis-phonecamera/_tuberculosis-phone-0887.jpg,349,358,449,473,0
tuberculosis-phonecamera/_tuberculosis-phone-0887.jpg,1168,589,1256,653,0
tuberculosis-phonecamera/_tuberculosis-phone-0887.jpg,288,492,339,610,0
tuberculosis-phonecamera/_tuberculosis-phone-0887.jpg,1441,897,1549,961,0
tuberculosis-phonecamera/_tuberculosis-phone-0887.jpg,1353,267,1450,325,0
tuberculosis-phonecamera/_tuberculosis-phone-0887.jpg,102,915,149,990,0
tuberculosis-phonecamera/_tuberculosis-phone-0887.jpg,758,1155,814,1209,0
tuberculosis-phonecamera/_tuberculosis-phone-0887.jpg,265,1126,337,1169,0
tuberculosis-phonecamera/_tuberculosis-phone-0887.jpg,570,1101,614,1171,0
tuberculosis-phonecamera/_tuberculosis-phone-0107.jpg,32,881,120,912,0
tuberculosis-phonecamera/_tuberculosis-phone-0107.jpg,123,878,175,942,0
tuberculosis-phonecamera/_tuberculosis-phone-0107.jpg,44,1168,120,1204,0
tuberculosis-phonecamera/_tuberculosis-phone-0107.jpg,714,705,781,757,0
tuberculosis-phonecamera/_tuberculosis-phone-0107.jpg,644,781,708,839,0
tuberculosis-phonecamera/_tuberculosis-phone-0107.jpg,1031,1064,1104,1110,0
tuberculosis-phonecamera/_tuberculosis-phone-0107.jpg,1378,781,1439,824,0
tuberculosis-phonecamera/_tuberculosis-phone-0107.jpg,403,659,492,684,0
tuberculosis-phonecamera/_tuberculosis-phone-0107.jpg,2,312,78,391,0
tuberculosis-phonecamera/_tuberculosis-phone-0107.jpg,1554,824,1630,860,0
tuberculosis-phonecamera/_tuberculosis-phone-0107.jpg,424,843,560,880,0
tuberculosis-phonecamera/_tuberculosis-phone-0107.jpg,736,290,835,321,0
tuberculosis-phonecamera/_tuberculosis-phone-0107.jpg,853,389,923,414,0
tuberculosis-phonecamera/_tuberculosis-phone-0995.jpg,797,570,839,667,0
tuberculosis-phonecamera/_tuberculosis-phone-0995.jpg,30,613,65,700,0
tuberculosis-phonecamera/_tuberculosis-phone-0995.jpg,48,639,100,699,0
tuberculosis-phonecamera/_tuberculosis-phone-1216.jpg,1088,759,1126,825,0
tuberculosis-phonecamera/_tuberculosis-phone-1216.jpg,387,521,422,581,0
tuberculosis-phonecamera/_tuberculosis-phone-1216.jpg,529,55,587,86,0
tuberculosis-phonecamera/_tuberculosis-phone-1216.jpg,643,513,707,571,0
tuberculosis-phonecamera/_tuberculosis-phone-1216.jpg,630,562,744,639,0
tuberculosis-phonecamera/_tuberculosis-phone-0130.jpg,1318,948,1359,1066,0
tuberculosis-phonecamera/_tuberculosis-phone-0130.jpg,849,657,927,744,0
tuberculosis-phonecamera/_tuberculosis-phone-0130.jpg,1266,579,1390,622,0
tuberculosis-phonecamera/_tuberculosis-phone-0130.jpg,148,11,242,65,0
tuberculosis-phonecamera/_tuberculosis-phone-0792.jpg,911,911,950,1002,0
tuberculosis-phonecamera/_tuberculosis-phone-0792.jpg,485,553,520,634,0
tuberculosis-phonecamera/_tuberculosis-phone-0792.jpg,473,319,533,379,0
tuberculosis-phonecamera/_tuberculosis-phone-0607.jpg,296,841,403,938,0
tuberculosis-phonecamera/_tuberculosis-phone-0607.jpg,1062,146,1101,257,0
tuberculosis-phonecamera/_tuberculosis-phone-0530.jpg,585,108,663,195,0
tuberculosis-phonecamera/_tuberculosis-phone-0530.jpg,647,519,707,595,0
tuberculosis-phonecamera/_tuberculosis-phone-0530.jpg,145,798,234,841,0
tuberculosis-phonecamera/_tuberculosis-phone-0753.jpg,528,151,638,196,0
tuberculosis-phonecamera/_tuberculosis-phone-0753.jpg,358,470,410,540,0
tuberculosis-phonecamera/_tuberculosis-phone-0753.jpg,903,227,976,254,0
tuberculosis-phonecamera/_tuberculosis-phone-0753.jpg,0,400,35,483,0
tuberculosis-phonecamera/_tuberculosis-phone-0753.jpg,1280,473,1326,550,0
tuberculosis-phonecamera/_tuberculosis-phone-0753.jpg,766,729,827,818,0
tuberculosis-phonecamera/_tuberculosis-phone-0753.jpg,282,470,355,510,0
tuberculosis-phonecamera/_tuberculosis-phone-0753.jpg,0,71,52,121,0
tuberculosis-phonecamera/_tuberculosis-phone-0753.jpg,147,532,230,577,0
tuberculosis-phonecamera/_tuberculosis-phone-0753.jpg,1227,542,1260,633,0
tuberculosis-phonecamera/_tuberculosis-phone-0753.jpg,1483,0,1522,44,0
tuberculosis-phonecamera/_tuberculosis-phone-0185.jpg,905,532,958,575,0
tuberculosis-phonecamera/_tuberculosis-phone-0185.jpg,973,513,1014,616,0
tuberculosis-phonecamera/_tuberculosis-phone-0185.jpg,917,752,994,796,0
tuberculosis-phonecamera/_tuberculosis-phone-0185.jpg,1159,761,1225,792,0
tuberculosis-phonecamera/_tuberculosis-phone-0185.jpg,1221,761,1322,798,0
tuberculosis-phonecamera/_tuberculosis-phone-0185.jpg,438,1147,508,1215,0
tuberculosis-phonecamera/_tuberculosis-phone-0119.jpg,1210,534,1344,617,0
tuberculosis-phonecamera/_tuberculosis-phone-0119.jpg,1460,644,1509,738,0
tuberculosis-phonecamera/_tuberculosis-phone-0119.jpg,1487,906,1615,1018,0
tuberculosis-phonecamera/_tuberculosis-phone-0119.jpg,78,166,126,288,0
tuberculosis-phonecamera/_tuberculosis-phone-0119.jpg,751,470,802,586,0
tuberculosis-phonecamera/_tuberculosis-phone-0119.jpg,764,600,810,664,0
tuberculosis-phonecamera/_tuberculosis-phone-0119.jpg,67,358,131,412,0
tuberculosis-phonecamera/_tuberculosis-phone-0119.jpg,153,364,199,399,0
tuberculosis-phonecamera/_tuberculosis-phone-0119.jpg,438,44,515,112,0
tuberculosis-phonecamera/_tuberculosis-phone-0170.jpg,896,928,946,1048,0
tuberculosis-phonecamera/_tuberculosis-phone-0810.jpg,892,775,1041,818,0
tuberculosis-phonecamera/_tuberculosis-phone-0810.jpg,1208,744,1278,806,0
tuberculosis-phonecamera/_tuberculosis-phone-0810.jpg,471,740,513,783,0
tuberculosis-phonecamera/_tuberculosis-phone-0810.jpg,502,726,548,767,0
tuberculosis-phonecamera/_tuberculosis-phone-0636.jpg,5,550,77,606,0
tuberculosis-phonecamera/_tuberculosis-phone-0636.jpg,1437,1078,1493,1171,0
tuberculosis-phonecamera/_tuberculosis-phone-0484.jpg,1008,898,1060,967,0
tuberculosis-phonecamera/_tuberculosis-phone-0484.jpg,248,796,312,831,0
tuberculosis-phonecamera/_tuberculosis-phone-0559.jpg,356,259,403,350,0
tuberculosis-phonecamera/_tuberculosis-phone-0559.jpg,921,298,956,439,0
tuberculosis-phonecamera/_tuberculosis-phone-0559.jpg,1066,562,1136,666,0
tuberculosis-phonecamera/_tuberculosis-phone-0559.jpg,1394,245,1435,354,0
tuberculosis-phonecamera/_tuberculosis-phone-0559.jpg,1206,0,1256,69,0
tuberculosis-phonecamera/_tuberculosis-phone-0559.jpg,1115,967,1167,1056,0
tuberculosis-phonecamera/_tuberculosis-phone-0559.jpg,1086,767,1119,862,0
tuberculosis-phonecamera/_tuberculosis-phone-0559.jpg,494,901,546,1017,0
tuberculosis-phonecamera/_tuberculosis-phone-0559.jpg,184,967,265,1004,0
tuberculosis-phonecamera/_tuberculosis-phone-0559.jpg,896,820,960,874,0
tuberculosis-phonecamera/_tuberculosis-phone-0559.jpg,1528,639,1594,711,0
tuberculosis-phonecamera/_tuberculosis-phone-0559.jpg,773,1076,866,1124,0
tuberculosis-phonecamera/_tuberculosis-phone-0559.jpg,713,465,744,496,0
tuberculosis-phonecamera/_tuberculosis-phone-0559.jpg,643,284,717,323,0
tuberculosis-phonecamera/_tuberculosis-phone-0559.jpg,711,267,781,325,0
tuberculosis-phonecamera/_tuberculosis-phone-0559.jpg,711,0,835,49,0
tuberculosis-phonecamera/_tuberculosis-phone-0559.jpg,1472,7,1505,82,0
tuberculosis-phonecamera/_tuberculosis-phone-0559.jpg,1586,127,1632,172,0
tuberculosis-phonecamera/_tuberculosis-phone-0559.jpg,1027,257,1109,315,0
tuberculosis-phonecamera/_tuberculosis-phone-0559.jpg,1297,750,1353,872,0
tuberculosis-phonecamera/_tuberculosis-phone-0525.jpg,132,2,175,72,0
tuberculosis-phonecamera/_tuberculosis-phone-0525.jpg,979,406,1052,483,0
tuberculosis-phonecamera/_tuberculosis-phone-0525.jpg,912,461,982,580,0
tuberculosis-phonecamera/_tuberculosis-phone-0525.jpg,1003,595,1058,717,0
tuberculosis-phonecamera/_tuberculosis-phone-0525.jpg,1015,574,1122,629,0
tuberculosis-phonecamera/_tuberculosis-phone-0525.jpg,324,394,364,477,0
tuberculosis-phonecamera/_tuberculosis-phone-0525.jpg,355,382,477,470,0
tuberculosis-phonecamera/_tuberculosis-phone-0525.jpg,44,1028,105,1137,0
tuberculosis-phonecamera/_tuberculosis-phone-0525.jpg,1051,856,1071,876,0
tuberculosis-phonecamera/_tuberculosis-phone-0525.jpg,502,785,577,818,0
tuberculosis-phonecamera/_tuberculosis-phone-0525.jpg,585,763,655,816,0
tuberculosis-phonecamera/_tuberculosis-phone-0525.jpg,795,705,853,787,0
tuberculosis-phonecamera/_tuberculosis-phone-0525.jpg,828,790,870,837,0
tuberculosis-phonecamera/_tuberculosis-phone-0525.jpg,835,765,890,794,0
tuberculosis-phonecamera/_tuberculosis-phone-0525.jpg,653,917,692,998,0
tuberculosis-phonecamera/_tuberculosis-phone-0535.jpg,1017,249,1087,286,0
tuberculosis-phonecamera/_tuberculosis-phone-0535.jpg,1114,32,1176,82,0
tuberculosis-phonecamera/_tuberculosis-phone-0535.jpg,363,625,392,725,0
tuberculosis-phonecamera/_tuberculosis-phone-0535.jpg,177,191,233,233,0
tuberculosis-phonecamera/_tuberculosis-phone-0535.jpg,163,20,200,71,0
tuberculosis-phonecamera/_tuberculosis-phone-0535.jpg,492,899,554,961,0
tuberculosis-phonecamera/_tuberculosis-phone-0535.jpg,572,1078,643,1128,0
tuberculosis-phonecamera/_tuberculosis-phone-0535.jpg,1167,887,1235,957,0
tuberculosis-phonecamera/_tuberculosis-phone-0535.jpg,773,352,814,401,0
tuberculosis-phonecamera/_tuberculosis-phone-0535.jpg,989,498,1047,569,0
tuberculosis-phonecamera/_tuberculosis-phone-1032.jpg,738,463,835,556,0
tuberculosis-phonecamera/_tuberculosis-phone-1032.jpg,207,835,248,948,0
tuberculosis-phonecamera/_tuberculosis-phone-1032.jpg,397,176,482,228,0
tuberculosis-phonecamera/_tuberculosis-phone-0194.jpg,1283,924,1372,994,0
tuberculosis-phonecamera/_tuberculosis-phone-0194.jpg,251,635,361,677,0
tuberculosis-phonecamera/_tuberculosis-phone-0194.jpg,1229,696,1268,775,0
tuberculosis-phonecamera/_tuberculosis-phone-0194.jpg,674,389,789,437,0
tuberculosis-phonecamera/_tuberculosis-phone-0194.jpg,996,110,1074,172,0
tuberculosis-phonecamera/_tuberculosis-phone-0467.jpg,1373,816,1431,862,0
tuberculosis-phonecamera/_tuberculosis-phone-1190.jpg,1189,525,1274,617,0
tuberculosis-phonecamera/_tuberculosis-phone-1190.jpg,775,406,830,513,0
tuberculosis-phonecamera/_tuberculosis-phone-1190.jpg,979,318,1034,410,0
tuberculosis-phonecamera/_tuberculosis-phone-1190.jpg,1125,400,1192,449,0
tuberculosis-phonecamera/_tuberculosis-phone-1190.jpg,911,951,956,1014,0
tuberculosis-phonecamera/_tuberculosis-phone-1190.jpg,622,544,684,598,0
tuberculosis-phonecamera/_tuberculosis-phone-1190.jpg,733,108,773,160,0
tuberculosis-phonecamera/_tuberculosis-phone-1190.jpg,921,639,965,721,0
tuberculosis-phonecamera/_tuberculosis-phone-0482.jpg,903,358,979,406,0
tuberculosis-phonecamera/_tuberculosis-phone-0482.jpg,912,452,964,498,0
tuberculosis-phonecamera/_tuberculosis-phone-0482.jpg,1509,641,1585,714,0
tuberculosis-phonecamera/_tuberculosis-phone-0482.jpg,1128,638,1195,729,0
tuberculosis-phonecamera/_tuberculosis-phone-0482.jpg,891,763,970,818,0
tuberculosis-phonecamera/_tuberculosis-phone-0482.jpg,1454,1134,1527,1192,0
tuberculosis-phonecamera/_tuberculosis-phone-0482.jpg,1271,1134,1344,1216,0
tuberculosis-phonecamera/_tuberculosis-phone-0482.jpg,1113,955,1165,1052,0
tuberculosis-phonecamera/_tuberculosis-phone-0482.jpg,1009,1034,1067,1162,0
tuberculosis-phonecamera/_tuberculosis-phone-0482.jpg,945,1037,988,1152,0
tuberculosis-phonecamera/_tuberculosis-phone-0482.jpg,330,294,370,330,0
tuberculosis-phonecamera/_tuberculosis-phone-0482.jpg,166,181,260,236,0
tuberculosis-phonecamera/_tuberculosis-phone-0482.jpg,339,206,373,266,0
tuberculosis-phonecamera/_tuberculosis-phone-0482.jpg,732,324,787,379,0
tuberculosis-phonecamera/_tuberculosis-phone-0482.jpg,489,781,610,857,0
tuberculosis-phonecamera/_tuberculosis-phone-0482.jpg,61,1091,184,1161,0
tuberculosis-phonecamera/_tuberculosis-phone-0482.jpg,207,1134,372,1188,0
tuberculosis-phonecamera/_tuberculosis-phone-0482.jpg,686,166,766,218,0
tuberculosis-phonecamera/_tuberculosis-phone-0902.jpg,1012,787,1052,884,0
tuberculosis-phonecamera/_tuberculosis-phone-0902.jpg,1331,1055,1445,1134,0
tuberculosis-phonecamera/_tuberculosis-phone-0902.jpg,613,330,661,394,0
tuberculosis-phonecamera/_tuberculosis-phone-0902.jpg,721,243,760,293,0
tuberculosis-phonecamera/_tuberculosis-phone-0426.jpg,5,317,108,360,0
tuberculosis-phonecamera/_tuberculosis-phone-0426.jpg,0,569,44,618,0
tuberculosis-phonecamera/_tuberculosis-phone-0426.jpg,919,156,975,245,0
tuberculosis-phonecamera/_tuberculosis-phone-0265.jpg,405,485,452,582,0
tuberculosis-phonecamera/_tuberculosis-phone-0265.jpg,101,681,161,731,0
tuberculosis-phonecamera/_tuberculosis-phone-0265.jpg,291,973,388,1008,0
tuberculosis-phonecamera/_tuberculosis-phone-0265.jpg,496,962,547,1014,0
tuberculosis-phonecamera/_tuberculosis-phone-0265.jpg,793,743,841,863,0
tuberculosis-phonecamera/_tuberculosis-phone-0265.jpg,1219,656,1269,704,0
tuberculosis-phonecamera/_tuberculosis-phone-0265.jpg,1401,328,1445,404,0
tuberculosis-phonecamera/_tuberculosis-phone-0265.jpg,1126,55,1215,104,0
tuberculosis-phonecamera/_tuberculosis-phone-0265.jpg,541,288,587,368,0
tuberculosis-phonecamera/_tuberculosis-phone-0265.jpg,23,841,94,874,0
tuberculosis-phonecamera/_tuberculosis-phone-0265.jpg,0,903,54,963,0
tuberculosis-phonecamera/_tuberculosis-phone-0265.jpg,1313,622,1377,672,0
tuberculosis-phonecamera/_tuberculosis-phone-0045.jpg,760,297,836,403,0
tuberculosis-phonecamera/_tuberculosis-phone-0045.jpg,319,358,405,430,0
tuberculosis-phonecamera/_tuberculosis-phone-0045.jpg,727,385,775,480,0
tuberculosis-phonecamera/_tuberculosis-phone-0045.jpg,901,556,938,606,0
tuberculosis-phonecamera/_tuberculosis-phone-0045.jpg,925,562,967,633,0
tuberculosis-phonecamera/_tuberculosis-phone-0045.jpg,785,845,841,920,0
tuberculosis-phonecamera/_tuberculosis-phone-0609.jpg,824,525,933,604,0
tuberculosis-phonecamera/_tuberculosis-phone-0609.jpg,854,854,903,921,0
tuberculosis-phonecamera/_tuberculosis-phone-0609.jpg,1341,300,1396,394,0
tuberculosis-phonecamera/_tuberculosis-phone-0609.jpg,1162,589,1207,659,0
tuberculosis-phonecamera/_tuberculosis-phone-0609.jpg,1092,1079,1143,1146,0
tuberculosis-phonecamera/_tuberculosis-phone-0609.jpg,556,105,623,163,0
tuberculosis-phonecamera/_tuberculosis-phone-0609.jpg,1140,719,1179,777,0
tuberculosis-phonecamera/_tuberculosis-phone-0609.jpg,1588,614,1631,670,0
tuberculosis-phonecamera/_tuberculosis-phone-0609.jpg,1565,1025,1613,1112,0
tuberculosis-phonecamera/_tuberculosis-phone-0413.jpg,504,102,554,137,0
tuberculosis-phonecamera/_tuberculosis-phone-0413.jpg,752,166,787,207,0
tuberculosis-phonecamera/_tuberculosis-phone-0413.jpg,711,98,764,146,0
tuberculosis-phonecamera/_tuberculosis-phone-0413.jpg,901,948,977,996,0
tuberculosis-phonecamera/_tuberculosis-phone-0215.jpg,820,319,872,410,0
tuberculosis-phonecamera/_tuberculosis-phone-0215.jpg,548,257,636,317,0
tuberculosis-phonecamera/_tuberculosis-phone-0215.jpg,160,428,255,492,0
tuberculosis-phonecamera/_tuberculosis-phone-0215.jpg,1218,482,1282,575,0
tuberculosis-phonecamera/_tuberculosis-phone-0215.jpg,1239,862,1336,932,0
tuberculosis-phonecamera/_tuberculosis-phone-0215.jpg,985,1023,1033,1103,0
tuberculosis-phonecamera/_tuberculosis-phone-0215.jpg,1487,1112,1567,1157,0
tuberculosis-phonecamera/_tuberculosis-phone-0018.jpg,583,690,662,717,0
tuberculosis-phonecamera/_tuberculosis-phone-0018.jpg,1085,406,1134,473,0
tuberculosis-phonecamera/_tuberculosis-phone-0062.jpg,623,604,665,687,0
tuberculosis-phonecamera/_tuberculosis-phone-0062.jpg,744,836,790,921,0
tuberculosis-phonecamera/_tuberculosis-phone-0062.jpg,967,790,1049,848,0
tuberculosis-phonecamera/_tuberculosis-phone-0062.jpg,1271,586,1384,626,0
tuberculosis-phonecamera/_tuberculosis-phone-0062.jpg,346,921,422,955,0
tuberculosis-phonecamera/_tuberculosis-phone-0062.jpg,26,607,84,662,0
tuberculosis-phonecamera/_tuberculosis-phone-0062.jpg,455,982,528,1055,0
tuberculosis-phonecamera/_tuberculosis-phone-0062.jpg,589,1009,671,1055,0
tuberculosis-phonecamera/_tuberculosis-phone-0062.jpg,1283,1140,1375,1183,0
tuberculosis-phonecamera/_tuberculosis-phone-0062.jpg,1356,306,1439,364,0
tuberculosis-phonecamera/_tuberculosis-phone-0062.jpg,839,126,936,172,0
tuberculosis-phonecamera/_tuberculosis-phone-0062.jpg,723,635,769,729,0
tuberculosis-phonecamera/_tuberculosis-phone-0062.jpg,1448,773,1512,839,0
tuberculosis-phonecamera/_tuberculosis-phone-0062.jpg,255,1095,296,1147,0
tuberculosis-phonecamera/_tuberculosis-phone-0062.jpg,61,990,131,1099,0
tuberculosis-phonecamera/_tuberculosis-phone-0062.jpg,102,488,168,579,0
tuberculosis-phonecamera/_tuberculosis-phone-0062.jpg,1524,57,1602,131,0
tuberculosis-phonecamera/_tuberculosis-phone-0990.jpg,283,930,331,1004,0
tuberculosis-phonecamera/_tuberculosis-phone-0990.jpg,343,1052,411,1134,0
tuberculosis-phonecamera/_tuberculosis-phone-0990.jpg,484,926,539,988,0
tuberculosis-phonecamera/_tuberculosis-phone-0990.jpg,868,717,927,785,0
tuberculosis-phonecamera/_tuberculosis-phone-0990.jpg,1313,761,1419,835,0
tuberculosis-phonecamera/_tuberculosis-phone-0990.jpg,193,245,267,278,0
tuberculosis-phonecamera/_tuberculosis-phone-0208.jpg,863,812,915,899,0
tuberculosis-phonecamera/_tuberculosis-phone-0208.jpg,781,986,880,1025,0
tuberculosis-phonecamera/_tuberculosis-phone-0208.jpg,833,1081,899,1138,0
tuberculosis-phonecamera/_tuberculosis-phone-0208.jpg,1266,796,1311,866,0
tuberculosis-phonecamera/_tuberculosis-phone-0208.jpg,1499,631,1584,692,0
tuberculosis-phonecamera/_tuberculosis-phone-0208.jpg,981,424,1072,474,0
tuberculosis-phonecamera/_tuberculosis-phone-0208.jpg,1024,333,1150,391,0
tuberculosis-phonecamera/_tuberculosis-phone-0208.jpg,1388,108,1458,164,0
tuberculosis-phonecamera/_tuberculosis-phone-0208.jpg,1336,1145,1402,1224,0
tuberculosis-phonecamera/_tuberculosis-phone-1038.jpg,740,154,816,205,0
tuberculosis-phonecamera/_tuberculosis-phone-1038.jpg,1068,98,1115,162,0
tuberculosis-phonecamera/_tuberculosis-phone-1038.jpg,913,554,981,645,0
tuberculosis-phonecamera/_tuberculosis-phone-1038.jpg,626,1050,698,1134,0
tuberculosis-phonecamera/_tuberculosis-phone-1038.jpg,960,864,1006,930,0
tuberculosis-phonecamera/_tuberculosis-phone-1038.jpg,1379,922,1491,951,0
tuberculosis-phonecamera/_tuberculosis-phone-0869.jpg,1515,769,1594,897,0
tuberculosis-phonecamera/_tuberculosis-phone-0869.jpg,1430,562,1472,656,0
tuberculosis-phonecamera/_tuberculosis-phone-0869.jpg,1207,269,1247,343,0
tuberculosis-phonecamera/_tuberculosis-phone-0869.jpg,811,921,872,1015,0
tuberculosis-phonecamera/_tuberculosis-phone-0869.jpg,955,857,1034,918,0
tuberculosis-phonecamera/_tuberculosis-phone-0869.jpg,906,754,945,833,0
tuberculosis-phonecamera/_tuberculosis-phone-0869.jpg,114,426,193,484,0
tuberculosis-phonecamera/_tuberculosis-phone-0869.jpg,843,30,884,82,0
tuberculosis-phonecamera/_tuberculosis-phone-0869.jpg,923,1147,983,1200,0
tuberculosis-phonecamera/_tuberculosis-phone-0639.jpg,527,804,651,866,0
tuberculosis-phonecamera/_tuberculosis-phone-0639.jpg,884,193,963,234,0
tuberculosis-phonecamera/_tuberculosis-phone-0639.jpg,1167,746,1216,820,0
tuberculosis-phonecamera/_tuberculosis-phone-0886.jpg,963,454,1095,512,0
tuberculosis-phonecamera/_tuberculosis-phone-0886.jpg,39,3,109,49,0
tuberculosis-phonecamera/_tuberculosis-phone-0886.jpg,992,1153,1031,1213,0
tuberculosis-phonecamera/_tuberculosis-phone-0886.jpg,930,1182,994,1221,0
tuberculosis-phonecamera/_tuberculosis-phone-0892.jpg,1323,276,1390,346,0
tuberculosis-phonecamera/_tuberculosis-phone-0892.jpg,416,869,467,939,0
tuberculosis-phonecamera/_tuberculosis-phone-0892.jpg,537,747,595,811,0
tuberculosis-phonecamera/_tuberculosis-phone-0892.jpg,233,805,273,903,0
tuberculosis-phonecamera/_tuberculosis-phone-0892.jpg,1009,1149,1095,1213,0
tuberculosis-phonecamera/_tuberculosis-phone-0892.jpg,906,796,994,839,0
tuberculosis-phonecamera/_tuberculosis-phone-0892.jpg,394,455,473,495,0
tuberculosis-phonecamera/_tuberculosis-phone-0892.jpg,1089,763,1183,799,0
tuberculosis-phonecamera/_tuberculosis-phone-0892.jpg,1104,1028,1192,1076,0
tuberculosis-phonecamera/_tuberculosis-phone-0892.jpg,581,548,601,568,0
tuberculosis-phonecamera/_tuberculosis-phone-0892.jpg,591,558,645,659,0
tuberculosis-phonecamera/_tuberculosis-phone-0892.jpg,1,707,81,738,0
tuberculosis-phonecamera/_tuberculosis-phone-0892.jpg,242,104,306,193,0
tuberculosis-phonecamera/_tuberculosis-phone-0892.jpg,738,928,799,996,0
tuberculosis-phonecamera/_tuberculosis-phone-0892.jpg,958,713,1035,800,0
tuberculosis-phonecamera/_tuberculosis-phone-0892.jpg,1066,783,1130,872,0
tuberculosis-phonecamera/_tuberculosis-phone-0892.jpg,950,245,1043,292,0
tuberculosis-phonecamera/_tuberculosis-phone-0892.jpg,25,1118,73,1167,0
tuberculosis-phonecamera/_tuberculosis-phone-0892.jpg,766,453,870,498,0
tuberculosis-phonecamera/_tuberculosis-phone-0892.jpg,1276,377,1334,463,0
tuberculosis-phonecamera/_tuberculosis-phone-0892.jpg,930,387,1000,453,0
tuberculosis-phonecamera/_tuberculosis-phone-0275.jpg,207,315,263,393,0
tuberculosis-phonecamera/_tuberculosis-phone-0275.jpg,191,556,230,635,0
tuberculosis-phonecamera/_tuberculosis-phone-0275.jpg,32,678,87,754,0
tuberculosis-phonecamera/_tuberculosis-phone-0275.jpg,331,1074,387,1151,0
tuberculosis-phonecamera/_tuberculosis-phone-0275.jpg,461,963,533,1107,0
tuberculosis-phonecamera/_tuberculosis-phone-0275.jpg,383,820,428,899,0
tuberculosis-phonecamera/_tuberculosis-phone-0275.jpg,612,814,657,853,0
tuberculosis-phonecamera/_tuberculosis-phone-0275.jpg,907,740,969,820,0
tuberculosis-phonecamera/_tuberculosis-phone-0275.jpg,795,573,857,639,0
tuberculosis-phonecamera/_tuberculosis-phone-0275.jpg,688,414,738,490,0
tuberculosis-phonecamera/_tuberculosis-phone-0275.jpg,960,585,1008,699,0
tuberculosis-phonecamera/_tuberculosis-phone-0275.jpg,938,278,1051,329,0
tuberculosis-phonecamera/_tuberculosis-phone-0275.jpg,1505,141,1551,240,0
tuberculosis-phonecamera/_tuberculosis-phone-0275.jpg,1088,69,1142,135,0
tuberculosis-phonecamera/_tuberculosis-phone-0275.jpg,994,119,1051,170,0
tuberculosis-phonecamera/_tuberculosis-phone-0275.jpg,1107,598,1179,643,0
tuberculosis-phonecamera/_tuberculosis-phone-0275.jpg,380,307,471,371,0
tuberculosis-phonecamera/_tuberculosis-phone-0275.jpg,744,944,857,986,0
tuberculosis-phonecamera/_tuberculosis-phone-1151.jpg,244,82,300,207,0
tuberculosis-phonecamera/_tuberculosis-phone-1151.jpg,191,379,248,424,0
tuberculosis-phonecamera/_tuberculosis-phone-1151.jpg,480,348,539,397,0
tuberculosis-phonecamera/_tuberculosis-phone-1151.jpg,1507,486,1580,581,0
tuberculosis-phonecamera/_tuberculosis-phone-1151.jpg,403,1087,484,1153,0
tuberculosis-phonecamera/_tuberculosis-phone-0379.jpg,1280,876,1344,930,0
tuberculosis-phonecamera/_tuberculosis-phone-0379.jpg,779,604,845,659,0
tuberculosis-phonecamera/_tuberculosis-phone-0379.jpg,1099,267,1188,304,0
tuberculosis-phonecamera/_tuberculosis-phone-0379.jpg,1101,34,1196,94,0
tuberculosis-phonecamera/_tuberculosis-phone-0379.jpg,1340,317,1454,346,0
tuberculosis-phonecamera/_tuberculosis-phone-0379.jpg,678,820,733,917,0
tuberculosis-phonecamera/_tuberculosis-phone-0379.jpg,1072,546,1175,575,0
tuberculosis-phonecamera/_tuberculosis-phone-0379.jpg,544,608,589,707,0
tuberculosis-phonecamera/_tuberculosis-phone-1265.jpg,1101,273,1134,370,0
tuberculosis-phonecamera/_tuberculosis-phone-1265.jpg,938,552,973,618,0
tuberculosis-phonecamera/_tuberculosis-phone-1265.jpg,830,129,878,174,0
tuberculosis-phonecamera/_tuberculosis-phone-0865.jpg,1061,586,1107,690,0
tuberculosis-phonecamera/_tuberculosis-phone-0865.jpg,1353,410,1408,470,0
tuberculosis-phonecamera/_tuberculosis-phone-0865.jpg,120,1031,206,1128,0
tuberculosis-phonecamera/_tuberculosis-phone-0865.jpg,923,156,969,236,0
tuberculosis-phonecamera/_tuberculosis-phone-0865.jpg,378,1017,426,1093,0
tuberculosis-phonecamera/_tuberculosis-phone-0865.jpg,756,1087,818,1169,0
tuberculosis-phonecamera/_tuberculosis-phone-0865.jpg,362,356,416,434,0
tuberculosis-phonecamera/_tuberculosis-phone-0865.jpg,1086,451,1140,505,0
tuberculosis-phonecamera/_tuberculosis-phone-0454.jpg,224,571,265,633,0
tuberculosis-phonecamera/_tuberculosis-phone-0454.jpg,434,102,477,224,0
tuberculosis-phonecamera/_tuberculosis-phone-0454.jpg,806,61,857,156,0
tuberculosis-phonecamera/_tuberculosis-phone-0380.jpg,726,534,787,620,0
tuberculosis-phonecamera/_tuberculosis-phone-0380.jpg,1497,163,1551,248,0
tuberculosis-phonecamera/_tuberculosis-phone-0380.jpg,635,802,732,857,0
tuberculosis-phonecamera/_tuberculosis-phone-0380.jpg,276,148,321,227,0
tuberculosis-phonecamera/_tuberculosis-phone-0380.jpg,426,583,502,633,0
tuberculosis-phonecamera/_tuberculosis-phone-0380.jpg,1140,1043,1175,1118,0
tuberculosis-phonecamera/_tuberculosis-phone-0380.jpg,758,1095,787,1134,0
tuberculosis-phonecamera/_tuberculosis-phone-0380.jpg,1580,773,1631,835,0
tuberculosis-phonecamera/_tuberculosis-phone-0380.jpg,1456,1095,1528,1190,0
tuberculosis-phonecamera/_tuberculosis-phone-0380.jpg,1008,377,1043,441,0
tuberculosis-phonecamera/_tuberculosis-phone-0511.jpg,1545,248,1603,343,0
tuberculosis-phonecamera/_tuberculosis-phone-0511.jpg,589,674,647,766,0
tuberculosis-phonecamera/_tuberculosis-phone-0511.jpg,970,805,1012,881,0
tuberculosis-phonecamera/_tuberculosis-phone-0511.jpg,860,888,912,991,0
tuberculosis-phonecamera/_tuberculosis-phone-0511.jpg,1025,1061,1079,1134,0
tuberculosis-phonecamera/_tuberculosis-phone-0511.jpg,400,470,513,513,0
tuberculosis-phonecamera/_tuberculosis-phone-0511.jpg,720,659,811,723,0
tuberculosis-phonecamera/_tuberculosis-phone-0511.jpg,327,994,379,1076,0
tuberculosis-phonecamera/_tuberculosis-phone-0511.jpg,164,391,234,439,0
tuberculosis-phonecamera/_tuberculosis-phone-0511.jpg,164,509,219,616,0
tuberculosis-phonecamera/_tuberculosis-phone-0511.jpg,793,922,849,1000,0
tuberculosis-phonecamera/_tuberculosis-phone-0511.jpg,977,51,1022,117,0
tuberculosis-phonecamera/_tuberculosis-phone-0511.jpg,1510,57,1578,104,0
tuberculosis-phonecamera/_tuberculosis-phone-0511.jpg,3,711,67,812,0
tuberculosis-phonecamera/_tuberculosis-phone-0562.jpg,133,519,248,567,0
tuberculosis-phonecamera/_tuberculosis-phone-0562.jpg,833,273,932,344,0
tuberculosis-phonecamera/_tuberculosis-phone-0562.jpg,1406,73,1483,164,0
tuberculosis-phonecamera/_tuberculosis-phone-0562.jpg,960,1039,1035,1074,0
tuberculosis-phonecamera/_tuberculosis-phone-0562.jpg,779,1006,853,1081,0
tuberculosis-phonecamera/_tuberculosis-phone-0611.jpg,795,792,835,864,0
tuberculosis-phonecamera/_tuberculosis-phone-0611.jpg,506,1,548,49,0
tuberculosis-phonecamera/_tuberculosis-phone-0611.jpg,896,812,963,870,0
tuberculosis-phonecamera/_tuberculosis-phone-0611.jpg,894,870,994,909,0
tuberculosis-phonecamera/_tuberculosis-phone-1157.jpg,952,404,1037,498,0
tuberculosis-phonecamera/_tuberculosis-phone-1157.jpg,841,327,896,437,0
tuberculosis-phonecamera/_tuberculosis-phone-1157.jpg,789,294,878,364,0
tuberculosis-phonecamera/_tuberculosis-phone-1157.jpg,451,307,488,416,0
tuberculosis-phonecamera/_tuberculosis-phone-1157.jpg,108,1118,211,1204,0
tuberculosis-phonecamera/_tuberculosis-phone-1157.jpg,331,920,432,959,0
tuberculosis-phonecamera/_tuberculosis-phone-1157.jpg,818,746,901,812,0
tuberculosis-phonecamera/_tuberculosis-phone-1157.jpg,618,127,723,189,0
tuberculosis-phonecamera/_tuberculosis-phone-1157.jpg,502,333,560,422,0
tuberculosis-phonecamera/_tuberculosis-phone-0373.jpg,452,336,495,413,0
tuberculosis-phonecamera/_tuberculosis-phone-0373.jpg,656,568,772,610,0
tuberculosis-phonecamera/_tuberculosis-phone-0373.jpg,894,650,955,684,0
tuberculosis-phonecamera/_tuberculosis-phone-0373.jpg,1000,123,1070,233,0
tuberculosis-phonecamera/_tuberculosis-phone-0373.jpg,484,994,527,1064,0
tuberculosis-phonecamera/_tuberculosis-phone-0373.jpg,1545,1035,1617,1118,0
tuberculosis-phonecamera/_tuberculosis-phone-0373.jpg,694,24,750,102,0
tuberculosis-phonecamera/_tuberculosis-phone-0373.jpg,1194,356,1272,397,0
tuberculosis-phonecamera/_tuberculosis-phone-1054.jpg,1328,994,1382,1068,0
tuberculosis-phonecamera/_tuberculosis-phone-1054.jpg,1427,959,1460,1045,0
tuberculosis-phonecamera/_tuberculosis-phone-1054.jpg,1540,501,1594,575,0
tuberculosis-phonecamera/_tuberculosis-phone-1065.jpg,618,247,766,304,0
tuberculosis-phonecamera/_tuberculosis-phone-1065.jpg,176,302,219,366,0
tuberculosis-phonecamera/_tuberculosis-phone-1065.jpg,325,379,430,414,0
tuberculosis-phonecamera/_tuberculosis-phone-1065.jpg,657,659,707,740,0
tuberculosis-phonecamera/_tuberculosis-phone-1065.jpg,614,1000,657,1081,0
tuberculosis-phonecamera/_tuberculosis-phone-1065.jpg,490,383,579,453,0
tuberculosis-phonecamera/_tuberculosis-phone-0282.jpg,750,232,855,282,0
tuberculosis-phonecamera/_tuberculosis-phone-0282.jpg,851,313,925,364,0
tuberculosis-phonecamera/_tuberculosis-phone-0282.jpg,874,641,1002,674,0
tuberculosis-phonecamera/_tuberculosis-phone-0617.jpg,467,527,533,602,0
tuberculosis-phonecamera/_tuberculosis-phone-0617.jpg,641,560,715,606,0
tuberculosis-phonecamera/_tuberculosis-phone-0617.jpg,981,542,1020,608,0
tuberculosis-phonecamera/_tuberculosis-phone-0617.jpg,1311,315,1346,389,0
tuberculosis-phonecamera/_tuberculosis-phone-0617.jpg,1532,117,1578,220,0
tuberculosis-phonecamera/_tuberculosis-phone-0617.jpg,34,769,155,860,0
tuberculosis-phonecamera/_tuberculosis-phone-0617.jpg,1342,792,1394,895,0
tuberculosis-phonecamera/_tuberculosis-phone-0617.jpg,96,30,186,67,0
tuberculosis-phonecamera/_tuberculosis-phone-0843.jpg,839,770,886,836,0
tuberculosis-phonecamera/_tuberculosis-phone-1088.jpg,1039,536,1144,583,0
tuberculosis-phonecamera/_tuberculosis-phone-1088.jpg,1204,424,1266,482,0
tuberculosis-phonecamera/_tuberculosis-phone-1088.jpg,1055,329,1105,412,0
tuberculosis-phonecamera/_tuberculosis-phone-1088.jpg,919,137,975,224,0
tuberculosis-phonecamera/_tuberculosis-phone-1088.jpg,655,141,709,226,0
tuberculosis-phonecamera/_tuberculosis-phone-1088.jpg,259,13,298,84,0
tuberculosis-phonecamera/_tuberculosis-phone-1088.jpg,709,319,793,368,0
tuberculosis-phonecamera/_tuberculosis-phone-1088.jpg,337,569,434,610,0
tuberculosis-phonecamera/_tuberculosis-phone-0570.jpg,1083,441,1153,506,0
tuberculosis-phonecamera/_tuberculosis-phone-0570.jpg,1089,563,1165,621,0
tuberculosis-phonecamera/_tuberculosis-phone-0570.jpg,987,418,1024,461,0
tuberculosis-phonecamera/_tuberculosis-phone-0428.jpg,1173,827,1307,864,0
tuberculosis-phonecamera/_tuberculosis-phone-0428.jpg,1074,532,1117,604,0
tuberculosis-phonecamera/_tuberculosis-phone-0192.jpg,1299,496,1359,591,0
tuberculosis-phonecamera/_tuberculosis-phone-0192.jpg,1361,988,1417,1052,0
tuberculosis-phonecamera/_tuberculosis-phone-0192.jpg,449,571,533,618,0
tuberculosis-phonecamera/_tuberculosis-phone-0192.jpg,605,515,686,581,0
tuberculosis-phonecamera/_tuberculosis-phone-0192.jpg,300,688,376,779,0
tuberculosis-phonecamera/_tuberculosis-phone-0192.jpg,133,106,201,199,0
tuberculosis-phonecamera/_tuberculosis-phone-0192.jpg,946,214,1002,292,0
tuberculosis-phonecamera/_tuberculosis-phone-0192.jpg,1474,527,1567,598,0
tuberculosis-phonecamera/_tuberculosis-phone-1253.jpg,562,622,661,657,0
tuberculosis-phonecamera/_tuberculosis-phone-1253.jpg,290,187,341,224,0
tuberculosis-phonecamera/_tuberculosis-phone-1253.jpg,948,457,1060,496,0
tuberculosis-phonecamera/_tuberculosis-phone-1253.jpg,418,577,502,649,0
tuberculosis-phonecamera/_tuberculosis-phone-1253.jpg,1051,783,1126,827,0
tuberculosis-phonecamera/_tuberculosis-phone-1253.jpg,861,870,909,913,0
tuberculosis-phonecamera/_tuberculosis-phone-1253.jpg,909,903,952,946,0
tuberculosis-phonecamera/_tuberculosis-phone-1253.jpg,1392,463,1479,513,0
tuberculosis-phonecamera/_tuberculosis-phone-1253.jpg,378,703,428,767,0
tuberculosis-phonecamera/_tuberculosis-phone-1253.jpg,686,449,750,511,0
tuberculosis-phonecamera/_tuberculosis-phone-1253.jpg,52,967,96,1010,0
tuberculosis-phonecamera/_tuberculosis-phone-0288.jpg,859,659,1012,721,0
tuberculosis-phonecamera/_tuberculosis-phone-0288.jpg,484,934,558,986,0
tuberculosis-phonecamera/_tuberculosis-phone-0708.jpg,151,307,250,358,0
tuberculosis-phonecamera/_tuberculosis-phone-0708.jpg,116,472,211,542,0
tuberculosis-phonecamera/_tuberculosis-phone-0708.jpg,723,162,802,203,0
tuberculosis-phonecamera/_tuberculosis-phone-0708.jpg,616,738,672,802,0
tuberculosis-phonecamera/_tuberculosis-phone-1133.jpg,222,368,314,482,0
tuberculosis-phonecamera/_tuberculosis-phone-1133.jpg,0,521,108,565,0
tuberculosis-phonecamera/_tuberculosis-phone-1133.jpg,15,560,112,610,0
tuberculosis-phonecamera/_tuberculosis-phone-1133.jpg,963,197,1029,292,0
tuberculosis-phonecamera/_tuberculosis-phone-1133.jpg,888,44,932,162,0
tuberculosis-phonecamera/_tuberculosis-phone-1133.jpg,1576,319,1632,453,0
tuberculosis-phonecamera/_tuberculosis-phone-1133.jpg,1545,465,1600,554,0
tuberculosis-phonecamera/_tuberculosis-phone-1133.jpg,434,1145,523,1217,0
tuberculosis-phonecamera/_tuberculosis-phone-1133.jpg,160,410,207,461,0
tuberculosis-phonecamera/_tuberculosis-phone-0364.jpg,1029,1037,1167,1095,0
tuberculosis-phonecamera/_tuberculosis-phone-0364.jpg,477,754,560,790,0
tuberculosis-phonecamera/_tuberculosis-phone-0364.jpg,1382,337,1468,389,0
tuberculosis-phonecamera/_tuberculosis-phone-0364.jpg,321,684,405,726,0
tuberculosis-phonecamera/_tuberculosis-phone-0790.jpg,802,881,869,945,0
tuberculosis-phonecamera/_tuberculosis-phone-0790.jpg,860,1064,915,1162,0
tuberculosis-phonecamera/_tuberculosis-phone-0790.jpg,1219,784,1311,824,0
tuberculosis-phonecamera/_tuberculosis-phone-0790.jpg,69,769,114,866,0
tuberculosis-phonecamera/_tuberculosis-phone-0790.jpg,464,906,580,942,0
tuberculosis-phonecamera/_tuberculosis-phone-0790.jpg,492,955,568,1025,0
tuberculosis-phonecamera/_tuberculosis-phone-0790.jpg,668,276,717,324,0
tuberculosis-phonecamera/_tuberculosis-phone-0790.jpg,681,349,720,403,0
tuberculosis-phonecamera/_tuberculosis-phone-0790.jpg,738,364,781,406,0
tuberculosis-phonecamera/_tuberculosis-phone-0790.jpg,1195,443,1274,495,0
tuberculosis-phonecamera/_tuberculosis-phone-0790.jpg,211,811,231,831,0
tuberculosis-phonecamera/_tuberculosis-phone-0790.jpg,221,821,257,912,0
tuberculosis-phonecamera/_tuberculosis-phone-0790.jpg,498,729,534,836,0
tuberculosis-phonecamera/_tuberculosis-phone-0790.jpg,988,848,1037,918,0
tuberculosis-phonecamera/_tuberculosis-phone-0790.jpg,522,139,574,202,0
tuberculosis-phonecamera/_tuberculosis-phone-0790.jpg,783,573,824,653,0
tuberculosis-phonecamera/_tuberculosis-phone-0790.jpg,859,257,944,309,0
tuberculosis-phonecamera/_tuberculosis-phone-0790.jpg,341,977,409,1050,0
tuberculosis-phonecamera/_tuberculosis-phone-0790.jpg,1037,1128,1086,1204,0
tuberculosis-phonecamera/_tuberculosis-phone-0790.jpg,909,616,967,701,0
tuberculosis-phonecamera/_tuberculosis-phone-1067.jpg,550,626,657,653,0
tuberculosis-phonecamera/_tuberculosis-phone-1067.jpg,257,181,335,230,0
tuberculosis-phonecamera/_tuberculosis-phone-1067.jpg,896,907,944,940,0
tuberculosis-phonecamera/_tuberculosis-phone-1067.jpg,958,457,1047,501,0
tuberculosis-phonecamera/_tuberculosis-phone-1067.jpg,680,453,736,517,0
tuberculosis-phonecamera/_tuberculosis-phone-1067.jpg,401,583,484,649,0
tuberculosis-phonecamera/_tuberculosis-phone-1067.jpg,1382,465,1470,519,0
tuberculosis-phonecamera/_tuberculosis-phone-1067.jpg,304,214,378,278,0
tuberculosis-phonecamera/_tuberculosis-phone-0674.jpg,512,727,582,772,0
tuberculosis-phonecamera/_tuberculosis-phone-0674.jpg,449,655,500,713,0
tuberculosis-phonecamera/_tuberculosis-phone-0674.jpg,397,672,465,717,0
tuberculosis-phonecamera/_tuberculosis-phone-0674.jpg,490,670,541,734,0
tuberculosis-phonecamera/_tuberculosis-phone-0674.jpg,275,521,374,622,0
tuberculosis-phonecamera/_tuberculosis-phone-0674.jpg,1305,1045,1351,1089,0
tuberculosis-phonecamera/_tuberculosis-phone-1172.jpg,899,26,938,112,0
tuberculosis-phonecamera/_tuberculosis-phone-1172.jpg,1578,575,1629,645,0
tuberculosis-phonecamera/_tuberculosis-phone-1172.jpg,337,1120,378,1188,0
tuberculosis-phonecamera/_tuberculosis-phone-0794.jpg,248,635,292,686,0
tuberculosis-phonecamera/_tuberculosis-phone-0794.jpg,762,490,863,534,0
tuberculosis-phonecamera/_tuberculosis-phone-0697.jpg,465,756,554,794,0
tuberculosis-phonecamera/_tuberculosis-phone-0697.jpg,1037,1052,1165,1099,0
tuberculosis-phonecamera/_tuberculosis-phone-0697.jpg,1377,335,1479,387,0
tuberculosis-phonecamera/_tuberculosis-phone-0697.jpg,316,680,405,728,0
tuberculosis-phonecamera/_tuberculosis-phone-1193.jpg,1462,701,1526,796,0
tuberculosis-phonecamera/_tuberculosis-phone-1193.jpg,500,313,583,371,0
tuberculosis-phonecamera/_tuberculosis-phone-1193.jpg,754,1014,816,1097,0
tuberculosis-phonecamera/_tuberculosis-phone-0378.jpg,432,726,498,792,0
tuberculosis-phonecamera/_tuberculosis-phone-0378.jpg,263,1045,358,1126,0
tuberculosis-phonecamera/_tuberculosis-phone-0378.jpg,581,179,620,292,0
tuberculosis-phonecamera/_tuberculosis-phone-0378.jpg,839,447,892,513,0
tuberculosis-phonecamera/_tuberculosis-phone-0378.jpg,715,593,762,653,0
tuberculosis-phonecamera/_tuberculosis-phone-0378.jpg,713,717,750,825,0
tuberculosis-phonecamera/_tuberculosis-phone-0378.jpg,564,955,645,1010,0
tuberculosis-phonecamera/_tuberculosis-phone-0378.jpg,913,756,996,810,0
tuberculosis-phonecamera/_tuberculosis-phone-0378.jpg,1095,602,1148,699,0
tuberculosis-phonecamera/_tuberculosis-phone-0378.jpg,1268,463,1309,546,0
tuberculosis-phonecamera/_tuberculosis-phone-0378.jpg,1249,540,1311,614,0
tuberculosis-phonecamera/_tuberculosis-phone-0378.jpg,1540,750,1584,818,0
tuberculosis-phonecamera/_tuberculosis-phone-0378.jpg,1175,1165,1210,1219,0
tuberculosis-phonecamera/_tuberculosis-phone-0378.jpg,147,377,257,447,0
tuberculosis-phonecamera/_tuberculosis-phone-0378.jpg,193,457,250,569,0
tuberculosis-phonecamera/_tuberculosis-phone-0378.jpg,1396,224,1452,354,0
tuberculosis-phonecamera/_tuberculosis-phone-0378.jpg,1231,158,1287,265,0
tuberculosis-phonecamera/_tuberculosis-phone-0378.jpg,1173,20,1221,112,0
tuberculosis-phonecamera/_tuberculosis-phone-0369.jpg,650,230,696,327,0
tuberculosis-phonecamera/_tuberculosis-phone-0369.jpg,269,178,315,248,0
tuberculosis-phonecamera/_tuberculosis-phone-0369.jpg,337,1068,397,1192,0
tuberculosis-phonecamera/_tuberculosis-phone-0369.jpg,566,829,593,928,0
tuberculosis-phonecamera/_tuberculosis-phone-0369.jpg,537,787,570,907,0
tuberculosis-phonecamera/_tuberculosis-phone-0369.jpg,1033,1130,1119,1171,0
tuberculosis-phonecamera/_tuberculosis-phone-0508.jpg,248,221,315,309,0
tuberculosis-phonecamera/_tuberculosis-phone-0508.jpg,324,233,437,346,0
tuberculosis-phonecamera/_tuberculosis-phone-0658.jpg,199,656,254,723,0
tuberculosis-phonecamera/_tuberculosis-phone-0658.jpg,857,1012,909,1079,0
tuberculosis-phonecamera/_tuberculosis-phone-0658.jpg,906,985,967,1067,0
tuberculosis-phonecamera/_tuberculosis-phone-0658.jpg,1481,1055,1542,1125,0
tuberculosis-phonecamera/_tuberculosis-phone-0658.jpg,998,612,1033,699,0
tuberculosis-phonecamera/_tuberculosis-phone-0658.jpg,624,503,729,560,0
tuberculosis-phonecamera/_tuberculosis-phone-0658.jpg,1159,385,1237,443,0
tuberculosis-phonecamera/_tuberculosis-phone-0658.jpg,843,112,919,152,0
tuberculosis-phonecamera/_tuberculosis-phone-0658.jpg,930,94,1010,133,0
tuberculosis-phonecamera/_tuberculosis-phone-0658.jpg,137,457,197,538,0
tuberculosis-phonecamera/_tuberculosis-phone-1017.jpg,890,727,932,799,0
tuberculosis-phonecamera/_tuberculosis-phone-1017.jpg,475,979,545,1014,0
tuberculosis-phonecamera/_tuberculosis-phone-1017.jpg,1006,665,1072,694,0
tuberculosis-phonecamera/_tuberculosis-phone-1017.jpg,1014,607,1066,677,0
tuberculosis-phonecamera/_tuberculosis-phone-1017.jpg,1120,640,1149,725,0
tuberculosis-phonecamera/_tuberculosis-phone-1017.jpg,1238,869,1331,931,0
tuberculosis-phonecamera/_tuberculosis-phone-1017.jpg,675,960,758,1006,0
tuberculosis-phonecamera/_tuberculosis-phone-1017.jpg,777,84,824,152,0
tuberculosis-phonecamera/_tuberculosis-phone-1017.jpg,870,497,905,584,0
tuberculosis-phonecamera/_tuberculosis-phone-1017.jpg,769,1056,868,1130,0
tuberculosis-phonecamera/_tuberculosis-phone-1017.jpg,835,895,886,1017,0
tuberculosis-phonecamera/_tuberculosis-phone-1017.jpg,1175,674,1239,792,0
tuberculosis-phonecamera/_tuberculosis-phone-1017.jpg,991,1169,1029,1224,0
tuberculosis-phonecamera/_tuberculosis-phone-1017.jpg,942,1010,1033,1087,0
tuberculosis-phonecamera/_tuberculosis-phone-1017.jpg,1012,263,1088,307,0
tuberculosis-phonecamera/_tuberculosis-phone-1017.jpg,1429,820,1495,862,0
tuberculosis-phonecamera/_tuberculosis-phone-1209.jpg,719,565,752,644,0
tuberculosis-phonecamera/_tuberculosis-phone-1209.jpg,799,497,839,586,0
tuberculosis-phonecamera/_tuberculosis-phone-1209.jpg,663,735,721,793,0
tuberculosis-phonecamera/_tuberculosis-phone-1209.jpg,793,602,849,664,0
tuberculosis-phonecamera/_tuberculosis-phone-1209.jpg,740,657,795,701,0
tuberculosis-phonecamera/_tuberculosis-phone-1209.jpg,777,668,810,726,0
tuberculosis-phonecamera/_tuberculosis-phone-0277.jpg,244,238,352,375,0
tuberculosis-phonecamera/_tuberculosis-phone-0277.jpg,1031,959,1097,1048,0
tuberculosis-phonecamera/_tuberculosis-phone-0277.jpg,1035,922,1152,955,0
tuberculosis-phonecamera/_tuberculosis-phone-0448.jpg,271,408,350,486,0
tuberculosis-phonecamera/_tuberculosis-phone-0448.jpg,358,437,451,505,0
tuberculosis-phonecamera/_tuberculosis-phone-0448.jpg,314,591,370,672,0
tuberculosis-phonecamera/_tuberculosis-phone-0448.jpg,203,996,267,1064,0
tuberculosis-phonecamera/_tuberculosis-phone-0448.jpg,548,744,620,792,0
tuberculosis-phonecamera/_tuberculosis-phone-0448.jpg,1035,746,1070,831,0
tuberculosis-phonecamera/_tuberculosis-phone-0448.jpg,991,1114,1068,1157,0
tuberculosis-phonecamera/_tuberculosis-phone-0448.jpg,688,1149,748,1198,0
tuberculosis-phonecamera/_tuberculosis-phone-0448.jpg,812,981,927,1062,0
tuberculosis-phonecamera/_tuberculosis-phone-0448.jpg,1520,1048,1600,1120,0
tuberculosis-phonecamera/_tuberculosis-phone-0448.jpg,1179,604,1305,651,0
tuberculosis-phonecamera/_tuberculosis-phone-0448.jpg,1239,571,1301,608,0
tuberculosis-phonecamera/_tuberculosis-phone-0448.jpg,1313,544,1386,595,0
tuberculosis-phonecamera/_tuberculosis-phone-0259.jpg,806,899,845,973,0
tuberculosis-phonecamera/_tuberculosis-phone-0259.jpg,816,1043,880,1091,0
tuberculosis-phonecamera/_tuberculosis-phone-0259.jpg,932,1068,1008,1149,0
tuberculosis-phonecamera/_tuberculosis-phone-0259.jpg,1109,1130,1179,1180,0
tuberculosis-phonecamera/_tuberculosis-phone-0259.jpg,1177,1107,1256,1159,0
tuberculosis-phonecamera/_tuberculosis-phone-0259.jpg,1276,164,1322,243,0
tuberculosis-phonecamera/_tuberculosis-phone-0298.jpg,65,172,108,236,0
tuberculosis-phonecamera/_tuberculosis-phone-0298.jpg,674,376,723,449,0
tuberculosis-phonecamera/_tuberculosis-phone-0298.jpg,626,221,681,279,0
tuberculosis-phonecamera/_tuberculosis-phone-0298.jpg,647,169,735,215,0
tuberculosis-phonecamera/_tuberculosis-phone-0298.jpg,1222,525,1256,589,0
tuberculosis-phonecamera/_tuberculosis-phone-0298.jpg,1216,355,1256,437,0
tuberculosis-phonecamera/_tuberculosis-phone-0298.jpg,1146,297,1189,394,0
tuberculosis-phonecamera/_tuberculosis-phone-0298.jpg,288,964,385,1003,0
tuberculosis-phonecamera/_tuberculosis-phone-0298.jpg,422,878,467,967,0
tuberculosis-phonecamera/_tuberculosis-phone-0298.jpg,473,894,513,979,0
tuberculosis-phonecamera/_tuberculosis-phone-0298.jpg,912,1085,970,1143,0
tuberculosis-phonecamera/_tuberculosis-phone-0298.jpg,951,1012,1012,1082,0
tuberculosis-phonecamera/_tuberculosis-phone-0298.jpg,1204,90,1271,145,0
tuberculosis-phonecamera/_tuberculosis-phone-0298.jpg,1171,148,1253,202,0
tuberculosis-phonecamera/_tuberculosis-phone-0298.jpg,1270,236,1318,288,0
tuberculosis-phonecamera/_tuberculosis-phone-0298.jpg,1276,212,1330,247,0
tuberculosis-phonecamera/_tuberculosis-phone-0643.jpg,560,346,612,401,0
tuberculosis-phonecamera/_tuberculosis-phone-0643.jpg,572,692,645,719,0
tuberculosis-phonecamera/_tuberculosis-phone-1154.jpg,263,951,352,985,0
tuberculosis-phonecamera/_tuberculosis-phone-1154.jpg,1363,29,1408,117,0
tuberculosis-phonecamera/_tuberculosis-phone-1154.jpg,1265,297,1347,346,0
tuberculosis-phonecamera/_tuberculosis-phone-1154.jpg,976,2,1046,93,0
tuberculosis-phonecamera/_tuberculosis-phone-1154.jpg,339,848,419,933,0
tuberculosis-phonecamera/_tuberculosis-phone-1154.jpg,410,772,498,842,0
tuberculosis-phonecamera/_tuberculosis-phone-1154.jpg,811,1070,860,1177,0
tuberculosis-phonecamera/_tuberculosis-phone-1154.jpg,881,696,930,781,0
tuberculosis-phonecamera/_tuberculosis-phone-1154.jpg,547,888,635,924,0
tuberculosis-phonecamera/_tuberculosis-phone-1154.jpg,699,1025,732,1104,0
tuberculosis-phonecamera/_tuberculosis-phone-1154.jpg,339,988,434,1055,0
tuberculosis-phonecamera/_tuberculosis-phone-1154.jpg,896,994,985,1043,0
tuberculosis-phonecamera/_tuberculosis-phone-1154.jpg,1031,649,1066,709,0
tuberculosis-phonecamera/_tuberculosis-phone-1154.jpg,129,75,176,125,0
tuberculosis-phonecamera/_tuberculosis-phone-1154.jpg,129,232,197,292,0
tuberculosis-phonecamera/_tuberculosis-phone-1154.jpg,401,445,455,521,0
tuberculosis-phonecamera/_tuberculosis-phone-1154.jpg,1247,3,1291,69,0
tuberculosis-phonecamera/_tuberculosis-phone-1154.jpg,1578,1,1619,42,0
tuberculosis-phonecamera/_tuberculosis-phone-0496.jpg,1029,740,1076,820,0
tuberculosis-phonecamera/_tuberculosis-phone-0496.jpg,977,216,1037,309,0
tuberculosis-phonecamera/_tuberculosis-phone-0496.jpg,808,112,853,222,0
tuberculosis-phonecamera/_tuberculosis-phone-0496.jpg,684,1,758,49,0
tuberculosis-phonecamera/_tuberculosis-phone-0496.jpg,1536,610,1598,684,0
tuberculosis-phonecamera/_tuberculosis-phone-0496.jpg,1016,1041,1068,1120,0
tuberculosis-phonecamera/_tuberculosis-phone-0496.jpg,1233,792,1313,864,0
tuberculosis-phonecamera/_tuberculosis-phone-0496.jpg,620,1062,649,1107,0
tuberculosis-phonecamera/_tuberculosis-phone-0496.jpg,614,1027,657,1068,0
tuberculosis-phonecamera/_tuberculosis-phone-0496.jpg,595,1190,643,1224,0
tuberculosis-phonecamera/_tuberculosis-phone-0496.jpg,998,496,1068,544,0
tuberculosis-phonecamera/_tuberculosis-phone-0496.jpg,7,79,42,121,0
tuberculosis-phonecamera/_tuberculosis-phone-0496.jpg,684,1157,729,1223,0
tuberculosis-phonecamera/_tuberculosis-phone-0496.jpg,641,1167,682,1202,0
tuberculosis-phonecamera/_tuberculosis-phone-0619.jpg,333,825,409,878,0
tuberculosis-phonecamera/_tuberculosis-phone-0315.jpg,775,503,905,598,0
tuberculosis-phonecamera/_tuberculosis-phone-0447.jpg,566,715,680,771,0
tuberculosis-phonecamera/_tuberculosis-phone-0447.jpg,36,940,135,988,0
tuberculosis-phonecamera/_tuberculosis-phone-0447.jpg,201,806,253,868,0
tuberculosis-phonecamera/_tuberculosis-phone-0447.jpg,1,490,75,554,0
tuberculosis-phonecamera/_tuberculosis-phone-0447.jpg,486,269,601,311,0
tuberculosis-phonecamera/_tuberculosis-phone-0447.jpg,1190,430,1241,532,0
tuberculosis-phonecamera/_tuberculosis-phone-0447.jpg,868,397,909,486,0
tuberculosis-phonecamera/_tuberculosis-phone-0447.jpg,1536,546,1615,589,0
tuberculosis-phonecamera/_tuberculosis-phone-0447.jpg,641,123,715,174,0
tuberculosis-phonecamera/_tuberculosis-phone-0447.jpg,783,203,853,249,0
tuberculosis-phonecamera/_tuberculosis-phone-1211.jpg,323,779,372,853,0
tuberculosis-phonecamera/_tuberculosis-phone-1211.jpg,682,624,740,697,0
tuberculosis-phonecamera/_tuberculosis-phone-0437.jpg,1247,808,1293,933,0
tuberculosis-phonecamera/_tuberculosis-phone-0437.jpg,89,697,217,736,0
tuberculosis-phonecamera/_tuberculosis-phone-0437.jpg,438,571,496,624,0
tuberculosis-phonecamera/_tuberculosis-phone-0437.jpg,504,538,581,587,0
tuberculosis-phonecamera/_tuberculosis-phone-0437.jpg,566,492,622,546,0
tuberculosis-phonecamera/_tuberculosis-phone-0438.jpg,1335,942,1396,1049,0
tuberculosis-phonecamera/_tuberculosis-phone-0438.jpg,428,702,510,811,0
tuberculosis-phonecamera/_tuberculosis-phone-0438.jpg,781,336,824,419,0
tuberculosis-phonecamera/_tuberculosis-phone-0438.jpg,1070,568,1140,638,0
tuberculosis-phonecamera/_tuberculosis-phone-0438.jpg,1454,632,1524,696,0
tuberculosis-phonecamera/_tuberculosis-phone-0438.jpg,53,827,93,897,0
tuberculosis-phonecamera/_tuberculosis-phone-0438.jpg,473,410,527,503,0
tuberculosis-phonecamera/_tuberculosis-phone-0438.jpg,323,164,380,243,0
tuberculosis-phonecamera/_tuberculosis-phone-0438.jpg,273,682,310,746,0
tuberculosis-phonecamera/_tuberculosis-phone-0438.jpg,79,736,120,790,0
tuberculosis-phonecamera/_tuberculosis-phone-0438.jpg,1045,255,1107,309,0
tuberculosis-phonecamera/_tuberculosis-phone-0438.jpg,1200,234,1243,278,0
tuberculosis-phonecamera/_tuberculosis-phone-0438.jpg,1278,67,1324,137,0
tuberculosis-phonecamera/_tuberculosis-phone-0438.jpg,207,922,253,967,0
tuberculosis-phonecamera/_tuberculosis-phone-0438.jpg,1221,787,1282,849,0
tuberculosis-phonecamera/_tuberculosis-phone-0438.jpg,1148,645,1241,701,0
tuberculosis-phonecamera/_tuberculosis-phone-1251.jpg,467,732,517,833,0
tuberculosis-phonecamera/_tuberculosis-phone-1251.jpg,1266,806,1311,909,0
tuberculosis-phonecamera/_tuberculosis-phone-0552.jpg,851,756,901,837,0
tuberculosis-phonecamera/_tuberculosis-phone-0552.jpg,760,647,810,728,0
